pais,fecha inicio,fecha fin,dias,semana,total muertes reportadas,total muertes reportadas por covid
Mexico,2014-12-29,2015-01-04,7,1,15101,0
Mexico,2015-01-05,2015-01-11,7,2,15449,0
Mexico,2015-01-12,2015-01-18,7,3,14820,0
Mexico,2015-01-19,2015-01-25,7,4,14172,0
Mexico,2015-01-26,2015-02-01,7,5,13628,0
Mexico,2015-02-02,2015-02-08,7,6,13914,0
Mexico,2015-02-09,2015-02-15,7,7,13550,0
Mexico,2015-02-16,2015-02-22,7,8,13799,0
Mexico,2015-02-23,2015-03-01,7,9,13054,0
Mexico,2015-03-02,2015-03-08,7,10,12979,0
Mexico,2015-03-09,2015-03-15,7,11,12498,0
Mexico,2015-03-16,2015-03-22,7,12,13133,0
Mexico,2015-03-23,2015-03-29,7,13,12066,0
Mexico,2015-03-30,2015-04-05,7,14,12477,0
Mexico,2015-04-06,2015-04-12,7,15,12202,0
Mexico,2015-04-13,2015-04-19,7,16,11796,0
Mexico,2015-04-20,2015-04-26,7,17,12403,0
Mexico,2015-04-27,2015-05-03,7,18,11763,0
Mexico,2015-05-04,2015-05-10,7,19,12059,0
Mexico,2015-05-11,2015-05-17,7,20,11732,0
Mexico,2015-05-18,2015-05-24,7,21,11856,0
Mexico,2015-05-25,2015-05-31,7,22,11608,0
Mexico,2015-06-01,2015-06-07,7,23,11876,0
Mexico,2015-06-08,2015-06-14,7,24,11709,0
Mexico,2015-06-15,2015-06-21,7,25,11510,0
Mexico,2015-06-22,2015-06-28,7,26,11571,0
Mexico,2015-06-29,2015-07-05,7,27,11583,0
Mexico,2015-07-06,2015-07-12,7,28,11538,0
Mexico,2015-07-13,2015-07-19,7,29,12003,0
Mexico,2015-07-20,2015-07-26,7,30,11947,0
Mexico,2015-07-27,2015-08-02,7,31,12083,0
Mexico,2015-08-03,2015-08-09,7,32,12237,0
Mexico,2015-08-10,2015-08-16,7,33,11739,0
Mexico,2015-08-17,2015-08-23,7,34,11670,0
Mexico,2015-08-24,2015-08-30,7,35,11680,0
Mexico,2015-08-31,2015-09-06,7,36,11668,0
Mexico,2015-09-07,2015-09-13,7,37,11814,0
Mexico,2015-09-14,2015-09-20,7,38,11957,0
Mexico,2015-09-21,2015-09-27,7,39,11560,0
Mexico,2015-09-28,2015-10-04,7,40,12484,0
Mexico,2015-10-05,2015-10-11,7,41,12397,0
Mexico,2015-10-12,2015-10-18,7,42,12063,0
Mexico,2015-10-19,2015-10-25,7,43,12221,0
Mexico,2015-10-26,2015-11-01,7,44,12153,0
Mexico,2015-11-02,2015-11-08,7,45,12543,0
Mexico,2015-11-09,2015-11-15,7,46,12217,0
Mexico,2015-11-16,2015-11-22,7,47,12542,0
Mexico,2015-11-23,2015-11-29,7,48,12597,0
Mexico,2015-11-30,2015-12-06,7,49,12830,0
Mexico,2015-12-07,2015-12-13,7,50,13526,0
Mexico,2015-12-14,2015-12-20,7,51,13542,0
Mexico,2015-12-21,2015-12-27,7,52,14351,0
Mexico,2015-12-28,2016-01-03,7,53,14170,0
Mexico,2016-01-04,2016-01-10,7,1,14299,0
Mexico,2016-01-11,2016-01-17,7,2,14540,0
Mexico,2016-01-18,2016-01-24,7,3,14557,0
Mexico,2016-01-25,2016-01-31,7,4,14902,0
Mexico,2016-02-01,2016-02-07,7,5,15160,0
Mexico,2016-02-08,2016-02-14,7,6,15691,0
Mexico,2016-02-15,2016-02-21,7,7,15725,0
Mexico,2016-02-22,2016-02-28,7,8,15034,0
Mexico,2016-02-29,2016-03-06,7,9,14797,0
Mexico,2016-03-07,2016-03-13,7,10,14351,0
Mexico,2016-03-14,2016-03-20,7,11,14025,0
Mexico,2016-03-21,2016-03-27,7,12,13418,0
Mexico,2016-03-28,2016-04-03,7,13,13411,0
Mexico,2016-04-04,2016-04-10,7,14,12710,0
Mexico,2016-04-11,2016-04-17,7,15,12422,0
Mexico,2016-04-18,2016-04-24,7,16,11939,0
Mexico,2016-04-25,2016-05-01,7,17,12481,0
Mexico,2016-05-02,2016-05-08,7,18,12723,0
Mexico,2016-05-09,2016-05-15,7,19,12478,0
Mexico,2016-05-16,2016-05-22,7,20,12483,0
Mexico,2016-05-23,2016-05-29,7,21,13019,0
Mexico,2016-05-30,2016-06-05,7,22,12222,0
Mexico,2016-06-06,2016-06-12,7,23,12011,0
Mexico,2016-06-13,2016-06-19,7,24,11994,0
Mexico,2016-06-20,2016-06-26,7,25,12117,0
Mexico,2016-06-27,2016-07-03,7,26,12203,0
Mexico,2016-07-04,2016-07-10,7,27,12439,0
Mexico,2016-07-11,2016-07-17,7,28,12241,0
Mexico,2016-07-18,2016-07-24,7,29,12316,0
Mexico,2016-07-25,2016-07-31,7,30,12141,0
Mexico,2016-08-01,2016-08-07,7,31,12456,0
Mexico,2016-08-08,2016-08-14,7,32,12173,0
Mexico,2016-08-15,2016-08-21,7,33,12261,0
Mexico,2016-08-22,2016-08-28,7,34,12245,0
Mexico,2016-08-29,2016-09-04,7,35,12137,0
Mexico,2016-09-05,2016-09-11,7,36,12285,0
Mexico,2016-09-12,2016-09-18,7,37,12491,0
Mexico,2016-09-19,2016-09-25,7,38,12203,0
Mexico,2016-09-26,2016-10-02,7,39,12300,0
Mexico,2016-10-03,2016-10-09,7,40,12500,0
Mexico,2016-10-10,2016-10-16,7,41,12201,0
Mexico,2016-10-17,2016-10-23,7,42,12365,0
Mexico,2016-10-24,2016-10-30,7,43,12506,0
Mexico,2016-10-31,2016-11-06,7,44,12735,0
Mexico,2016-11-07,2016-11-13,7,45,12478,0
Mexico,2016-11-14,2016-11-20,7,46,12837,0
Mexico,2016-11-21,2016-11-27,7,47,13616,0
Mexico,2016-11-28,2016-12-04,7,48,13678,0
Mexico,2016-12-05,2016-12-11,7,49,13396,0
Mexico,2016-12-12,2016-12-18,7,50,13697,0
Mexico,2016-12-19,2016-12-25,7,51,13784,0
Mexico,2016-12-26,2017-01-01,7,52,14313,0
Mexico,2017-01-02,2017-01-08,7,1,14312,0
Mexico,2017-01-09,2017-01-15,7,2,14583,0
Mexico,2017-01-16,2017-01-22,7,3,14163,0
Mexico,2017-01-23,2017-01-29,7,4,14118,0
Mexico,2017-01-30,2017-02-05,7,5,14444,0
Mexico,2017-02-06,2017-02-12,7,6,14330,0
Mexico,2017-02-13,2017-02-19,7,7,14165,0
Mexico,2017-02-20,2017-02-26,7,8,14278,0
Mexico,2017-02-27,2017-03-05,7,9,14456,0
Mexico,2017-03-06,2017-03-12,7,10,13844,0
Mexico,2017-03-13,2017-03-19,7,11,13948,0
Mexico,2017-03-20,2017-03-26,7,12,13878,0
Mexico,2017-03-27,2017-04-02,7,13,13307,0
Mexico,2017-04-03,2017-04-09,7,14,13470,0
Mexico,2017-04-10,2017-04-16,7,15,13210,0
Mexico,2017-04-17,2017-04-23,7,16,13212,0
Mexico,2017-04-24,2017-04-30,7,17,13363,0
Mexico,2017-05-01,2017-05-07,7,18,13016,0
Mexico,2017-05-08,2017-05-14,7,19,12868,0
Mexico,2017-05-15,2017-05-21,7,20,13361,0
Mexico,2017-05-22,2017-05-28,7,21,13165,0
Mexico,2017-05-29,2017-06-04,7,22,12510,0
Mexico,2017-06-05,2017-06-11,7,23,12753,0
Mexico,2017-06-12,2017-06-18,7,24,12724,0
Mexico,2017-06-19,2017-06-25,7,25,13154,0
Mexico,2017-06-26,2017-07-02,7,26,12736,0
Mexico,2017-07-03,2017-07-09,7,27,12502,0
Mexico,2017-07-10,2017-07-16,7,28,12822,0
Mexico,2017-07-17,2017-07-23,7,29,12512,0
Mexico,2017-07-24,2017-07-30,7,30,12923,0
Mexico,2017-07-31,2017-08-06,7,31,12967,0
Mexico,2017-08-07,2017-08-13,7,32,12464,0
Mexico,2017-08-14,2017-08-20,7,33,12638,0
Mexico,2017-08-21,2017-08-27,7,34,12432,0
Mexico,2017-08-28,2017-09-03,7,35,12172,0
Mexico,2017-09-04,2017-09-10,7,36,12933,0
Mexico,2017-09-11,2017-09-17,7,37,13333,0
Mexico,2017-09-18,2017-09-24,7,38,13164,0
Mexico,2017-09-25,2017-10-01,7,39,12604,0
Mexico,2017-10-02,2017-10-08,7,40,13026,0
Mexico,2017-10-09,2017-10-15,7,41,13031,0
Mexico,2017-10-16,2017-10-22,7,42,13390,0
Mexico,2017-10-23,2017-10-29,7,43,13216,0
Mexico,2017-10-30,2017-11-05,7,44,13538,0
Mexico,2017-11-06,2017-11-12,7,45,13258,0
Mexico,2017-11-13,2017-11-19,7,46,13197,0
Mexico,2017-11-20,2017-11-26,7,47,13584,0
Mexico,2017-11-27,2017-12-03,7,48,14233,0
Mexico,2017-12-04,2017-12-10,7,49,14470,0
Mexico,2017-12-11,2017-12-17,7,50,16334,0
Mexico,2017-12-18,2017-12-24,7,51,15557,0
Mexico,2017-12-25,2017-12-31,7,52,15492,0
Mexico,2018-01-01,2018-01-07,7,1,16721,0
Mexico,2018-01-08,2018-01-14,7,2,16170,0
Mexico,2018-01-15,2018-01-21,7,3,16738,0
Mexico,2018-01-22,2018-01-28,7,4,16041,0
Mexico,2018-01-29,2018-02-04,7,5,15770,0
Mexico,2018-02-05,2018-02-11,7,6,15306,0
Mexico,2018-02-12,2018-02-18,7,7,14588,0
Mexico,2018-02-19,2018-02-25,7,8,14199,0
Mexico,2018-02-26,2018-03-04,7,9,14001,0
Mexico,2018-03-05,2018-03-11,7,10,13552,0
Mexico,2018-03-12,2018-03-18,7,11,13497,0
Mexico,2018-03-19,2018-03-25,7,12,13254,0
Mexico,2018-03-26,2018-04-01,7,13,13191,0
Mexico,2018-04-02,2018-04-08,7,14,13577,0
Mexico,2018-04-09,2018-04-15,7,15,12888,0
Mexico,2018-04-16,2018-04-22,7,16,13080,0
Mexico,2018-04-23,2018-04-29,7,17,12657,0
Mexico,2018-04-30,2018-05-06,7,18,13040,0
Mexico,2018-05-07,2018-05-13,7,19,12784,0
Mexico,2018-05-14,2018-05-20,7,20,13172,0
Mexico,2018-05-21,2018-05-27,7,21,13125,0
Mexico,2018-05-28,2018-06-03,7,22,13567,0
Mexico,2018-06-04,2018-06-10,7,23,13025,0
Mexico,2018-06-11,2018-06-17,7,24,12451,0
Mexico,2018-06-18,2018-06-24,7,25,12932,0
Mexico,2018-06-25,2018-07-01,7,26,12610,0
Mexico,2018-07-02,2018-07-08,7,27,12845,0
Mexico,2018-07-09,2018-07-15,7,28,13114,0
Mexico,2018-07-16,2018-07-22,7,29,13334,0
Mexico,2018-07-23,2018-07-29,7,30,13455,0
Mexico,2018-07-30,2018-08-05,7,31,12997,0
Mexico,2018-08-06,2018-08-12,7,32,12602,0
Mexico,2018-08-13,2018-08-19,7,33,12767,0
Mexico,2018-08-20,2018-08-26,7,34,12503,0
Mexico,2018-08-27,2018-09-02,7,35,12811,0
Mexico,2018-09-03,2018-09-09,7,36,12556,0
Mexico,2018-09-10,2018-09-16,7,37,12780,0
Mexico,2018-09-17,2018-09-23,7,38,12994,0
Mexico,2018-09-24,2018-09-30,7,39,12807,0
Mexico,2018-10-01,2018-10-07,7,40,12931,0
Mexico,2018-10-08,2018-10-14,7,41,13232,0
Mexico,2018-10-15,2018-10-21,7,42,13115,0
Mexico,2018-10-22,2018-10-28,7,43,13435,0
Mexico,2018-10-29,2018-11-04,7,44,13772,0
Mexico,2018-11-05,2018-11-11,7,45,13897,0
Mexico,2018-11-12,2018-11-18,7,46,14612,0
Mexico,2018-11-19,2018-11-25,7,47,15202,0
Mexico,2018-11-26,2018-12-02,7,48,14647,0
Mexico,2018-12-03,2018-12-09,7,49,14833,0
Mexico,2018-12-10,2018-12-16,7,50,15216,0
Mexico,2018-12-17,2018-12-23,7,51,16440,0
Mexico,2018-12-24,2018-12-30,7,52,17373,0
Mexico,2018-12-31,2019-01-06,7,1,17723,0
Mexico,2019-01-07,2019-01-13,7,2,16602,0
Mexico,2019-01-14,2019-01-20,7,3,16252,0
Mexico,2019-01-21,2019-01-27,7,4,15864,0
Mexico,2019-01-28,2019-02-03,7,5,15862,0
Mexico,2019-02-04,2019-02-10,7,6,15689,0
Mexico,2019-02-11,2019-02-17,7,7,15445,0
Mexico,2019-02-18,2019-02-24,7,8,14755,0
Mexico,2019-02-25,2019-03-03,7,9,14639,0
Mexico,2019-03-04,2019-03-10,7,10,14391,0
Mexico,2019-03-11,2019-03-17,7,11,13749,0
Mexico,2019-03-18,2019-03-24,7,12,13660,0
Mexico,2019-03-25,2019-03-31,7,13,13903,0
Mexico,2019-04-01,2019-04-07,7,14,14049,0
Mexico,2019-04-08,2019-04-14,7,15,13718,0
Mexico,2019-04-15,2019-04-21,7,16,13743,0
Mexico,2019-04-22,2019-04-28,7,17,13718,0
Mexico,2019-04-29,2019-05-05,7,18,13698,0
Mexico,2019-05-06,2019-05-12,7,19,13792,0
Mexico,2019-05-13,2019-05-19,7,20,13590,0
Mexico,2019-05-20,2019-05-26,7,21,14160,0
Mexico,2019-05-27,2019-06-02,7,22,13438,0
Mexico,2019-06-03,2019-06-09,7,23,13382,0
Mexico,2019-06-10,2019-06-16,7,24,13398,0
Mexico,2019-06-17,2019-06-23,7,25,13562,0
Mexico,2019-06-24,2019-06-30,7,26,13111,0
Mexico,2019-07-01,2019-07-07,7,27,13496,0
Mexico,2019-07-08,2019-07-14,7,28,13146,0
Mexico,2019-07-15,2019-07-21,7,29,13276,0
Mexico,2019-07-22,2019-07-28,7,30,13256,0
Mexico,2019-07-29,2019-08-04,7,31,13596,0
Mexico,2019-08-05,2019-08-11,7,32,13242,0
Mexico,2019-08-12,2019-08-18,7,33,13610,0
Mexico,2019-08-19,2019-08-25,7,34,13293,0
Mexico,2019-08-26,2019-09-01,7,35,13023,0
Mexico,2019-09-02,2019-09-08,7,36,12986,0
Mexico,2019-09-09,2019-09-15,7,37,12943,0
Mexico,2019-09-16,2019-09-22,7,38,13838,0
Mexico,2019-09-23,2019-09-29,7,39,13521,0
Mexico,2019-09-30,2019-10-06,7,40,13433,0
Mexico,2019-10-07,2019-10-13,7,41,13438,0
Mexico,2019-10-14,2019-10-20,7,42,13736,0
Mexico,2019-10-21,2019-10-27,7,43,13611,0
Mexico,2019-10-28,2019-11-03,7,44,13959,0
Mexico,2019-11-04,2019-11-10,7,45,14035,0
Mexico,2019-11-11,2019-11-17,7,46,14238,0
Mexico,2019-11-18,2019-11-24,7,47,14855,0
Mexico,2019-11-25,2019-12-01,7,48,13793,0
Mexico,2019-12-02,2019-12-08,7,49,13894,0
Mexico,2019-12-09,2019-12-15,7,50,13926,0
Mexico,2019-12-16,2019-12-22,7,51,13545,0
Mexico,2019-12-23,2019-12-29,7,52,15621,0
Mexico,2019-12-30,2020-01-05,7,1,16518,0
Mexico,2020-01-06,2020-01-12,7,2,16736,0
Mexico,2020-01-13,2020-01-19,7,3,16195,0
Mexico,2020-01-20,2020-01-26,7,4,15601,0
Mexico,2020-01-27,2020-02-02,7,5,15217,0
Mexico,2020-02-03,2020-02-09,7,6,15711,0
Mexico,2020-02-10,2020-02-16,7,7,14875,0
Mexico,2020-02-17,2020-02-23,7,8,14501,0
Mexico,2020-02-24,2020-03-01,7,9,13916,0
Mexico,2020-03-02,2020-03-08,7,10,14017,0
Mexico,2020-03-09,2020-03-15,7,11,13857,0
Mexico,2020-03-16,2020-03-22,7,12,13187,3
Mexico,2020-03-23,2020-03-29,7,13,13698,17
Mexico,2020-03-30,2020-04-05,7,14,13533,74
Mexico,2020-04-06,2020-04-12,7,15,14030,202
Mexico,2020-04-13,2020-04-19,7,16,14993,390
Mexico,2020-04-20,2020-04-26,7,17,17068,665
Mexico,2020-04-27,2020-05-03,7,18,18811,803
Mexico,2020-05-04,2020-05-10,7,19,20622,1311
Mexico,2020-05-11,2020-05-17,7,20,22313,1712
Mexico,2020-05-18,2020-05-24,7,21,23231,2217
Mexico,2020-05-25,2020-05-31,7,22,23167,2536
Mexico,2020-06-01,2020-06-07,7,23,24121,3769
Mexico,2020-06-08,2020-06-14,7,24,24719,3442
Mexico,2020-06-15,2020-06-21,7,25,24945,4684
Mexico,2020-06-22,2020-06-28,7,26,24718,4823
Mexico,2020-06-29,2020-07-05,7,27,25495,3991
Mexico,2020-07-06,2020-07-12,7,28,26446,4367
Mexico,2020-07-13,2020-07-19,7,29,26446,4178
Mexico,2020-07-20,2020-07-26,7,30,25733,4496
Mexico,2020-07-27,2020-08-02,7,31,24795,4066
Mexico,2020-08-03,2020-08-09,7,32,23817,4552
Mexico,2020-08-10,2020-08-16,7,33,22666,4459
Mexico,2020-08-17,2020-08-23,7,34,21725,3723
Mexico,2020-08-24,2020-08-30,7,35,20837,3678
Mexico,2020-08-31,2020-09-06,7,36,20156,3400
Mexico,2020-09-07,2020-09-13,7,37,19490,3263
Mexico,2020-09-14,2020-09-20,7,38,18805,2672
Mexico,2020-09-21,2020-09-27,7,39,18933,2937
Mexico,2020-09-28,2020-10-04,7,40,18484,2658
Mexico,2020-10-05,2020-10-11,7,41,18834,4693
Mexico,2020-10-12,2020-10-18,7,42,18815,2386
Mexico,2020-10-19,2020-10-25,7,43,19567,2757
Mexico,2020-10-26,2020-11-01,7,44,20224,2971
Mexico,2020-11-02,2020-11-08,7,45,21326,3132
Mexico,2020-11-09,2020-11-15,7,46,21619,3515
Mexico,2020-11-16,2020-11-22,7,47,22294,3134
Mexico,2020-11-23,2020-11-29,7,48,22534,3979
Mexico,2020-11-30,2020-12-06,7,49,23495,4062
Mexico,2020-12-07,2020-12-13,7,50,25342,4236
Mexico,2020-12-14,2020-12-20,7,51,26560,4249
Mexico,2020-12-21,2020-12-27,7,52,29609,4224
Mexico,2020-12-28,2021-01-03,7,53,32637,4787
Mexico,2021-01-04,2021-01-10,7,1,36287,6493
Mexico,2021-01-11,2021-01-17,7,2,43427,6998
Mexico,2021-01-18,2021-01-24,7,3,44667,8910
Mexico,2021-01-25,2021-01-31,7,4,36617,8922
Mexico,2021-02-01,2021-02-07,7,5,31825,7664
Mexico,2021-02-08,2021-02-14,7,6,26858,8007
Mexico,2021-02-15,2021-02-21,7,7,25330,5900
Mexico,2021-02-22,2021-02-28,7,8,24010,5608
Mexico,2021-03-01,2021-03-07,7,9,20488,4889
Mexico,2021-03-08,2021-03-14,7,10,19752,4106
Mexico,2021-03-15,2021-03-21,7,11,18508,3326
Mexico,2021-03-22,2021-03-28,7,12,17801,3587
Mexico,2021-03-29,2021-04-04,7,13,16992,2524
Mexico,2021-04-05,2021-04-11,7,14,17364,5191
Mexico,2021-04-12,2021-04-18,7,15,16927,3001
Mexico,2021-04-19,2021-04-25,7,16,16037,2608
Mexico,2021-04-26,2021-05-02,7,17,15511,2286
Mexico,2021-05-03,2021-05-09,7,18,15125,1752
Mexico,2021-05-10,2021-05-16,7,19,14734,1452
Mexico,2021-05-17,2021-05-23,7,20,14264,1210
Mexico,2021-05-24,2021-05-30,7,21,14358,1860
Mexico,2021-05-31,2021-06-06,7,22,13943,1025
Mexico,2021-06-07,2021-06-13,7,23,14140,1346
Mexico,2021-06-14,2021-06-20,7,24,14261,1037
Mexico,2021-06-21,2021-06-27,7,25,14323,1377
Mexico,2021-06-28,2021-07-04,7,26,14582,1058
Mexico,2021-07-05,2021-07-11,7,27,15444,1347
Mexico,2021-07-12,2021-07-18,7,28,16410,1362
Mexico,2021-07-19,2021-07-25,7,29,18342,2093
Mexico,2021-07-26,2021-08-01,7,30,20721,2610
Mexico,2021-08-02,2021-08-08,7,31,23457,3386
Mexico,2021-08-09,2021-08-15,7,32,25423,3747
Mexico,2021-08-16,2021-08-22,7,33,26786,4988
Mexico,2021-08-23,2021-08-29,7,34,25778,5010
Mexico,2021-08-30,2021-09-05,7,35,25052,4975
Mexico,2021-09-06,2021-09-12,7,36,23022,4608
Mexico,2021-09-13,2021-09-19,7,37,21506,3755
Mexico,2021-09-20,2021-09-26,7,38,19587,3947
Mexico,2021-09-27,2021-10-03,7,39,17718,3142
Mexico,2021-10-04,2021-10-10,7,40,15572,3494
Peru,2017-01-02,2017-01-08,7,1,1586,0
Peru,2017-01-09,2017-01-15,7,2,1672,0
Peru,2017-01-16,2017-01-22,7,3,1740,0
Peru,2017-01-23,2017-01-29,7,4,1760,0
Peru,2017-01-30,2017-02-05,7,5,1881,0
Peru,2017-02-06,2017-02-12,7,6,1682,0
Peru,2017-02-13,2017-02-19,7,7,1715,0
Peru,2017-02-20,2017-02-26,7,8,1933,0
Peru,2017-02-27,2017-03-05,7,9,2052,0
Peru,2017-03-06,2017-03-12,7,10,1839,0
Peru,2017-03-13,2017-03-19,7,11,1931,0
Peru,2017-03-20,2017-03-26,7,12,1911,0
Peru,2017-03-27,2017-04-02,7,13,1786,0
Peru,2017-04-03,2017-04-09,7,14,1765,0
Peru,2017-04-10,2017-04-16,7,15,1758,0
Peru,2017-04-17,2017-04-23,7,16,1804,0
Peru,2017-04-24,2017-04-30,7,17,1685,0
Peru,2017-05-01,2017-05-07,7,18,1780,0
Peru,2017-05-08,2017-05-14,7,19,1751,0
Peru,2017-05-15,2017-05-21,7,20,1813,0
Peru,2017-05-22,2017-05-28,7,21,1813,0
Peru,2017-05-29,2017-06-04,7,22,1782,0
Peru,2017-06-05,2017-06-11,7,23,1934,0
Peru,2017-06-12,2017-06-18,7,24,1839,0
Peru,2017-06-19,2017-06-25,7,25,1917,0
Peru,2017-06-26,2017-07-02,7,26,1965,0
Peru,2017-07-03,2017-07-09,7,27,2009,0
Peru,2017-07-10,2017-07-16,7,28,1923,0
Peru,2017-07-17,2017-07-23,7,29,1955,0
Peru,2017-07-24,2017-07-30,7,30,2004,0
Peru,2017-07-31,2017-08-06,7,31,1929,0
Peru,2017-08-07,2017-08-13,7,32,1962,0
Peru,2017-08-14,2017-08-20,7,33,1913,0
Peru,2017-08-21,2017-08-27,7,34,1969,0
Peru,2017-08-28,2017-09-03,7,35,1972,0
Peru,2017-09-04,2017-09-10,7,36,2027,0
Peru,2017-09-11,2017-09-17,7,37,2058,0
Peru,2017-09-18,2017-09-24,7,38,2014,0
Peru,2017-09-25,2017-10-01,7,39,2081,0
Peru,2017-10-02,2017-10-08,7,40,1969,0
Peru,2017-10-09,2017-10-15,7,41,2077,0
Peru,2017-10-16,2017-10-22,7,42,2070,0
Peru,2017-10-23,2017-10-29,7,43,2041,0
Peru,2017-10-30,2017-11-05,7,44,2029,0
Peru,2017-11-06,2017-11-12,7,45,1997,0
Peru,2017-11-13,2017-11-19,7,46,1892,0
Peru,2017-11-20,2017-11-26,7,47,2035,0
Peru,2017-11-27,2017-12-03,7,48,1951,0
Peru,2017-12-04,2017-12-10,7,49,1868,0
Peru,2017-12-11,2017-12-17,7,50,1968,0
Peru,2017-12-18,2017-12-24,7,51,1949,0
Peru,2017-12-25,2017-12-31,7,52,1948,0
Peru,2018-01-01,2018-01-07,7,1,1987,0
Peru,2018-01-08,2018-01-14,7,2,1980,0
Peru,2018-01-15,2018-01-21,7,3,1922,0
Peru,2018-01-22,2018-01-28,7,4,1953,0
Peru,2018-01-29,2018-02-04,7,5,1888,0
Peru,2018-02-05,2018-02-11,7,6,1914,0
Peru,2018-02-12,2018-02-18,7,7,2024,0
Peru,2018-02-19,2018-02-25,7,8,1948,0
Peru,2018-02-26,2018-03-04,7,9,1947,0
Peru,2018-03-05,2018-03-11,7,10,1893,0
Peru,2018-03-12,2018-03-18,7,11,1972,0
Peru,2018-03-19,2018-03-25,7,12,1970,0
Peru,2018-03-26,2018-04-01,7,13,1984,0
Peru,2018-04-02,2018-04-08,7,14,2100,0
Peru,2018-04-09,2018-04-15,7,15,1835,0
Peru,2018-04-16,2018-04-22,7,16,1985,0
Peru,2018-04-23,2018-04-29,7,17,1991,0
Peru,2018-04-30,2018-05-06,7,18,2129,0
Peru,2018-05-07,2018-05-13,7,19,2001,0
Peru,2018-05-14,2018-05-20,7,20,2118,0
Peru,2018-05-21,2018-05-27,7,21,2294,0
Peru,2018-05-28,2018-06-03,7,22,2288,0
Peru,2018-06-04,2018-06-10,7,23,2347,0
Peru,2018-06-11,2018-06-17,7,24,2442,0
Peru,2018-06-18,2018-06-24,7,25,2496,0
Peru,2018-06-25,2018-07-01,7,26,2454,0
Peru,2018-07-02,2018-07-08,7,27,2477,0
Peru,2018-07-09,2018-07-15,7,28,2320,0
Peru,2018-07-16,2018-07-22,7,29,2389,0
Peru,2018-07-23,2018-07-29,7,30,2377,0
Peru,2018-07-30,2018-08-05,7,31,2388,0
Peru,2018-08-06,2018-08-12,7,32,2373,0
Peru,2018-08-13,2018-08-19,7,33,2286,0
Peru,2018-08-20,2018-08-26,7,34,2217,0
Peru,2018-08-27,2018-09-02,7,35,2312,0
Peru,2018-09-03,2018-09-09,7,36,2288,0
Peru,2018-09-10,2018-09-16,7,37,2224,0
Peru,2018-09-17,2018-09-23,7,38,2259,0
Peru,2018-09-24,2018-09-30,7,39,2328,0
Peru,2018-10-01,2018-10-07,7,40,2244,0
Peru,2018-10-08,2018-10-14,7,41,2286,0
Peru,2018-10-15,2018-10-21,7,42,2296,0
Peru,2018-10-22,2018-10-28,7,43,2296,0
Peru,2018-10-29,2018-11-04,7,44,2243,0
Peru,2018-11-05,2018-11-11,7,45,2244,0
Peru,2018-11-12,2018-11-18,7,46,2059,0
Peru,2018-11-19,2018-11-25,7,47,2015,0
Peru,2018-11-26,2018-12-02,7,48,2029,0
Peru,2018-12-03,2018-12-09,7,49,2147,0
Peru,2018-12-10,2018-12-16,7,50,2169,0
Peru,2018-12-17,2018-12-23,7,51,2181,0
Peru,2018-12-24,2018-12-30,7,52,2204,0
Peru,2018-12-31,2019-01-06,7,1,2238,0
Peru,2019-01-07,2019-01-13,7,2,2126,0
Peru,2019-01-14,2019-01-20,7,3,2132,0
Peru,2019-01-21,2019-01-27,7,4,2126,0
Peru,2019-01-28,2019-02-03,7,5,2345,0
Peru,2019-02-04,2019-02-10,7,6,2307,0
Peru,2019-02-11,2019-02-17,7,7,2251,0
Peru,2019-02-18,2019-02-24,7,8,2317,0
Peru,2019-02-25,2019-03-03,7,9,2372,0
Peru,2019-03-04,2019-03-10,7,10,2293,0
Peru,2019-03-11,2019-03-17,7,11,2252,0
Peru,2019-03-18,2019-03-24,7,12,2107,0
Peru,2019-03-25,2019-03-31,7,13,2110,0
Peru,2019-04-01,2019-04-07,7,14,2039,0
Peru,2019-04-08,2019-04-14,7,15,2096,0
Peru,2019-04-15,2019-04-21,7,16,2139,0
Peru,2019-04-22,2019-04-28,7,17,2023,0
Peru,2019-04-29,2019-05-05,7,18,2042,0
Peru,2019-05-06,2019-05-12,7,19,1981,0
Peru,2019-05-13,2019-05-19,7,20,2021,0
Peru,2019-05-20,2019-05-26,7,21,1995,0
Peru,2019-05-27,2019-06-02,7,22,2080,0
Peru,2019-06-03,2019-06-09,7,23,2124,0
Peru,2019-06-10,2019-06-16,7,24,2169,0
Peru,2019-06-17,2019-06-23,7,25,2257,0
Peru,2019-06-24,2019-06-30,7,26,2182,0
Peru,2019-07-01,2019-07-07,7,27,2234,0
Peru,2019-07-08,2019-07-14,7,28,2182,0
Peru,2019-07-15,2019-07-21,7,29,2255,0
Peru,2019-07-22,2019-07-28,7,30,2265,0
Peru,2019-07-29,2019-08-04,7,31,2231,0
Peru,2019-08-05,2019-08-11,7,32,2356,0
Peru,2019-08-12,2019-08-18,7,33,2206,0
Peru,2019-08-19,2019-08-25,7,34,2183,0
Peru,2019-08-26,2019-09-01,7,35,2296,0
Peru,2019-09-02,2019-09-08,7,36,2189,0
Peru,2019-09-09,2019-09-15,7,37,2243,0
Peru,2019-09-16,2019-09-22,7,38,2367,0
Peru,2019-09-23,2019-09-29,7,39,2243,0
Peru,2019-09-30,2019-10-06,7,40,2242,0
Peru,2019-10-07,2019-10-13,7,41,2212,0
Peru,2019-10-14,2019-10-20,7,42,2333,0
Peru,2019-10-21,2019-10-27,7,43,2220,0
Peru,2019-10-28,2019-11-03,7,44,2343,0
Peru,2019-11-04,2019-11-10,7,45,2263,0
Peru,2019-11-11,2019-11-17,7,46,2222,0
Peru,2019-11-18,2019-11-24,7,47,2198,0
Peru,2019-11-25,2019-12-01,7,48,2197,0
Peru,2019-12-02,2019-12-08,7,49,2251,0
Peru,2019-12-09,2019-12-15,7,50,2207,0
Peru,2019-12-16,2019-12-22,7,51,2172,0
Peru,2019-12-23,2019-12-29,7,52,2325,0
Peru,2019-12-30,2020-01-05,7,1,2407,0
Peru,2020-01-06,2020-01-12,7,2,2428,0
Peru,2020-01-13,2020-01-19,7,3,2329,0
Peru,2020-01-20,2020-01-26,7,4,2358,0
Peru,2020-01-27,2020-02-02,7,5,2255,0
Peru,2020-02-03,2020-02-09,7,6,2330,0
Peru,2020-02-10,2020-02-16,7,7,2354,0
Peru,2020-02-17,2020-02-23,7,8,2346,0
Peru,2020-02-24,2020-03-01,7,9,2417,0
Peru,2020-03-02,2020-03-08,7,10,2409,2
Peru,2020-03-09,2020-03-15,7,11,2469,3
Peru,2020-03-16,2020-03-22,7,12,2185,29
Peru,2020-03-23,2020-03-29,7,13,2150,61
Peru,2020-03-30,2020-04-05,7,14,2390,222
Peru,2020-04-06,2020-04-12,7,15,2514,529
Peru,2020-04-13,2020-04-19,7,16,3096,940
Peru,2020-04-20,2020-04-26,7,17,3881,1702
Peru,2020-04-27,2020-05-03,7,18,4752,2516
Peru,2020-05-04,2020-05-10,7,19,5451,3254
Peru,2020-05-11,2020-05-17,7,20,5967,3577
Peru,2020-05-18,2020-05-24,7,21,6347,3809
Peru,2020-05-25,2020-05-31,7,22,6554,4066
Peru,2020-06-01,2020-06-07,7,23,6647,4124
Peru,2020-06-08,2020-06-14,7,24,6725,4176
Peru,2020-06-15,2020-06-21,7,25,6593,4330
Peru,2020-06-22,2020-06-28,7,26,6159,3530
Peru,2020-06-29,2020-07-05,7,27,6237,3755
Peru,2020-07-06,2020-07-12,7,28,6493,3903
Peru,2020-07-13,2020-07-19,7,29,6763,4901
Peru,2020-07-20,2020-07-26,7,30,6778,3480
Peru,2020-07-27,2020-08-02,7,31,6918,4376
Peru,2020-08-03,2020-08-09,7,32,7120,4433
Peru,2020-08-10,2020-08-16,7,33,6717,4322
Peru,2020-08-17,2020-08-23,7,34,6128,3786
Peru,2020-08-24,2020-08-30,7,35,5578,3401
Peru,2020-08-31,2020-09-06,7,36,4730,2674
Peru,2020-09-07,2020-09-13,7,37,4275,2214
Peru,2020-09-14,2020-09-20,7,38,3885,1889
Peru,2020-09-21,2020-09-27,7,39,3483,1591
Peru,2020-09-28,2020-10-04,7,40,3235,1213
Peru,2020-10-05,2020-10-11,7,41,3147,1170
Peru,2020-10-12,2020-10-18,7,42,3001,978
Peru,2020-10-19,2020-10-25,7,43,2961,860
Peru,2020-10-26,2020-11-01,7,44,2794,772
Peru,2020-11-02,2020-11-08,7,45,2861,739
Peru,2020-11-09,2020-11-15,7,46,2850,730
Peru,2020-11-16,2020-11-22,7,47,2755,646
Peru,2020-11-23,2020-11-29,7,48,2635,661
Peru,2020-11-30,2020-12-06,7,49,2800,686
Peru,2020-12-07,2020-12-13,7,50,2964,747
Peru,2020-12-14,2020-12-20,7,51,3151,816
Peru,2020-12-21,2020-12-27,7,52,3253,880
Peru,2020-12-28,2021-01-03,7,53,3502,1082
Peru,2021-01-04,2021-01-10,7,1,3985,1401
Peru,2021-01-11,2021-01-17,7,2,4638,2027
Peru,2021-01-18,2021-01-24,7,3,5704,2907
Peru,2021-01-25,2021-01-31,7,4,6707,3900
Peru,2021-02-01,2021-02-07,7,5,7021,4052
Peru,2021-02-08,2021-02-14,7,6,7687,4761
Peru,2021-02-15,2021-02-21,7,7,7711,5122
Peru,2021-02-22,2021-02-28,7,8,7393,4757
Peru,2021-03-01,2021-03-07,7,9,7500,4737
Peru,2021-03-08,2021-03-14,7,10,7379,4296
Peru,2021-03-15,2021-03-21,7,11,7427,4741
Peru,2021-03-22,2021-03-28,7,12,7570,4994
Peru,2021-03-29,2021-04-04,7,13,7900,5157
Peru,2021-04-05,2021-04-11,7,14,8468,5460
Peru,2021-04-12,2021-04-18,7,15,8426,5356
Peru,2021-04-19,2021-04-25,7,16,8246,5963
Peru,2021-04-26,2021-05-02,7,17,7695,4914
Peru,2021-05-03,2021-05-09,7,18,7171,4983
Peru,2021-05-10,2021-05-16,7,19,6533,4093
Peru,2021-05-17,2021-05-23,7,20,6053,3409
Peru,2021-05-24,2021-05-30,7,21,5629,2786
Peru,2021-05-31,2021-06-06,7,22,5291,2682
Peru,2021-06-07,2021-06-13,7,23,4726,2635
Peru,2021-06-14,2021-06-20,7,24,4333,1494
Peru,2021-06-21,2021-06-27,7,25,4024,1382
Peru,2021-06-28,2021-07-04,7,26,3816,1646
Peru,2021-07-05,2021-07-11,7,27,3599,1157
Peru,2021-07-12,2021-07-18,7,28,3333,759
Peru,2021-07-19,2021-07-25,7,29,3250,744
Peru,2021-07-26,2021-08-01,7,30,3164,548
Peru,2021-08-02,2021-08-08,7,31,3062,512
Peru,2021-08-09,2021-08-15,7,32,3112,443
Peru,2021-08-16,2021-08-22,7,33,2936,486
Peru,2021-08-23,2021-08-29,7,34,3107,236
Peru,2021-08-30,2021-09-05,7,35,2983,373
Peru,2021-09-06,2021-09-12,7,36,2887,276
Peru,2021-09-13,2021-09-19,7,37,2890,302
Peru,2021-09-20,2021-09-26,7,38,2945,226
Peru,2021-09-27,2021-10-03,7,39,2875,193
Peru,2021-10-04,2021-10-10,7,40,2951,190
Peru,2021-10-11,2021-10-17,7,41,2855,168
Peru,2021-10-18,2021-10-24,7,42,2831,209
Peru,2021-10-25,2021-10-31,7,43,2754,194
Peru,2021-11-01,2021-11-07,7,44,2834,184
Chile,2016-01-04,2016-01-10,7,1,1884,0
Chile,2016-01-11,2016-01-17,7,2,1885,0
Chile,2016-01-18,2016-01-24,7,3,1916,0
Chile,2016-01-25,2016-01-31,7,4,1837,0
Chile,2016-02-01,2016-02-07,7,5,1912,0
Chile,2016-02-08,2016-02-14,7,6,1718,0
Chile,2016-02-15,2016-02-21,7,7,1760,0
Chile,2016-02-22,2016-02-28,7,8,1813,0
Chile,2016-02-29,2016-03-06,7,9,1756,0
Chile,2016-03-07,2016-03-13,7,10,1753,0
Chile,2016-03-14,2016-03-20,7,11,1771,0
Chile,2016-03-21,2016-03-27,7,12,1758,0
Chile,2016-03-28,2016-04-03,7,13,1757,0
Chile,2016-04-04,2016-04-10,7,14,1789,0
Chile,2016-04-11,2016-04-17,7,15,1945,0
Chile,2016-04-18,2016-04-24,7,16,1889,0
Chile,2016-04-25,2016-05-01,7,17,2018,0
Chile,2016-05-02,2016-05-08,7,18,1882,0
Chile,2016-05-09,2016-05-15,7,19,1965,0
Chile,2016-05-16,2016-05-22,7,20,1953,0
Chile,2016-05-23,2016-05-29,7,21,2044,0
Chile,2016-05-30,2016-06-05,7,22,2021,0
Chile,2016-06-06,2016-06-12,7,23,2175,0
Chile,2016-06-13,2016-06-19,7,24,2161,0
Chile,2016-06-20,2016-06-26,7,25,2339,0
Chile,2016-06-27,2016-07-03,7,26,2375,0
Chile,2016-07-04,2016-07-10,7,27,2381,0
Chile,2016-07-11,2016-07-17,7,28,2483,0
Chile,2016-07-18,2016-07-24,7,29,2526,0
Chile,2016-07-25,2016-07-31,7,30,2301,0
Chile,2016-08-01,2016-08-07,7,31,2232,0
Chile,2016-08-08,2016-08-14,7,32,2201,0
Chile,2016-08-15,2016-08-21,7,33,2203,0
Chile,2016-08-22,2016-08-28,7,34,2144,0
Chile,2016-08-29,2016-09-04,7,35,2115,0
Chile,2016-09-05,2016-09-11,7,36,2328,0
Chile,2016-09-12,2016-09-18,7,37,2086,0
Chile,2016-09-19,2016-09-25,7,38,2156,0
Chile,2016-09-26,2016-10-02,7,39,2072,0
Chile,2016-10-03,2016-10-09,7,40,1968,0
Chile,2016-10-10,2016-10-16,7,41,1926,0
Chile,2016-10-17,2016-10-23,7,42,1891,0
Chile,2016-10-24,2016-10-30,7,43,1906,0
Chile,2016-10-31,2016-11-06,7,44,1954,0
Chile,2016-11-07,2016-11-13,7,45,1810,0
Chile,2016-11-14,2016-11-20,7,46,1808,0
Chile,2016-11-21,2016-11-27,7,47,1838,0
Chile,2016-11-28,2016-12-04,7,48,1829,0
Chile,2016-12-05,2016-12-11,7,49,1809,0
Chile,2016-12-12,2016-12-18,7,50,1863,0
Chile,2016-12-19,2016-12-25,7,51,1827,0
Chile,2016-12-26,2017-01-01,7,52,1642,0
Chile,2017-01-02,2017-01-08,7,1,1878,0
Chile,2017-01-09,2017-01-15,7,2,1868,0
Chile,2017-01-16,2017-01-22,7,3,2034,0
Chile,2017-01-23,2017-01-29,7,4,2082,0
Chile,2017-01-30,2017-02-05,7,5,1891,0
Chile,2017-02-06,2017-02-12,7,6,1788,0
Chile,2017-02-13,2017-02-19,7,7,1813,0
Chile,2017-02-20,2017-02-26,7,8,1969,0
Chile,2017-02-27,2017-03-05,7,9,1730,0
Chile,2017-03-06,2017-03-12,7,10,1739,0
Chile,2017-03-13,2017-03-19,7,11,1754,0
Chile,2017-03-20,2017-03-26,7,12,1770,0
Chile,2017-03-27,2017-04-02,7,13,1800,0
Chile,2017-04-03,2017-04-09,7,14,1895,0
Chile,2017-04-10,2017-04-16,7,15,1949,0
Chile,2017-04-17,2017-04-23,7,16,1847,0
Chile,2017-04-24,2017-04-30,7,17,1970,0
Chile,2017-05-01,2017-05-07,7,18,1964,0
Chile,2017-05-08,2017-05-14,7,19,1921,0
Chile,2017-05-15,2017-05-21,7,20,2025,0
Chile,2017-05-22,2017-05-28,7,21,2210,0
Chile,2017-05-29,2017-06-04,7,22,2334,0
Chile,2017-06-05,2017-06-11,7,23,2376,0
Chile,2017-06-12,2017-06-18,7,24,2640,0
Chile,2017-06-19,2017-06-25,7,25,2639,0
Chile,2017-06-26,2017-07-02,7,26,2525,0
Chile,2017-07-03,2017-07-09,7,27,2387,0
Chile,2017-07-10,2017-07-16,7,28,2308,0
Chile,2017-07-17,2017-07-23,7,29,2419,0
Chile,2017-07-24,2017-07-30,7,30,2339,0
Chile,2017-07-31,2017-08-06,7,31,2289,0
Chile,2017-08-07,2017-08-13,7,32,2197,0
Chile,2017-08-14,2017-08-20,7,33,2175,0
Chile,2017-08-21,2017-08-27,7,34,2121,0
Chile,2017-08-28,2017-09-03,7,35,2146,0
Chile,2017-09-04,2017-09-10,7,36,2106,0
Chile,2017-09-11,2017-09-17,7,37,2181,0
Chile,2017-09-18,2017-09-24,7,38,2258,0
Chile,2017-09-25,2017-10-01,7,39,2102,0
Chile,2017-10-02,2017-10-08,7,40,2088,0
Chile,2017-10-09,2017-10-15,7,41,1987,0
Chile,2017-10-16,2017-10-22,7,42,1965,0
Chile,2017-10-23,2017-10-29,7,43,1871,0
Chile,2017-10-30,2017-11-05,7,44,1836,0
Chile,2017-11-06,2017-11-12,7,45,1977,0
Chile,2017-11-13,2017-11-19,7,46,1826,0
Chile,2017-11-20,2017-11-26,7,47,1936,0
Chile,2017-11-27,2017-12-03,7,48,1852,0
Chile,2017-12-04,2017-12-10,7,49,1862,0
Chile,2017-12-11,2017-12-17,7,50,1895,0
Chile,2017-12-18,2017-12-24,7,51,1804,0
Chile,2017-12-25,2017-12-31,7,52,1707,0
Chile,2018-01-01,2018-01-07,7,1,1946,0
Chile,2018-01-08,2018-01-14,7,2,1804,0
Chile,2018-01-15,2018-01-21,7,3,1804,0
Chile,2018-01-22,2018-01-28,7,4,1776,0
Chile,2018-01-29,2018-02-04,7,5,1895,0
Chile,2018-02-05,2018-02-11,7,6,1817,0
Chile,2018-02-12,2018-02-18,7,7,1885,0
Chile,2018-02-19,2018-02-25,7,8,1809,0
Chile,2018-02-26,2018-03-04,7,9,1782,0
Chile,2018-03-05,2018-03-11,7,10,1870,0
Chile,2018-03-12,2018-03-18,7,11,1789,0
Chile,2018-03-19,2018-03-25,7,12,1819,0
Chile,2018-03-26,2018-04-01,7,13,1961,0
Chile,2018-04-02,2018-04-08,7,14,1903,0
Chile,2018-04-09,2018-04-15,7,15,1939,0
Chile,2018-04-16,2018-04-22,7,16,1920,0
Chile,2018-04-23,2018-04-29,7,17,1917,0
Chile,2018-04-30,2018-05-06,7,18,1976,0
Chile,2018-05-07,2018-05-13,7,19,1864,0
Chile,2018-05-14,2018-05-20,7,20,2024,0
Chile,2018-05-21,2018-05-27,7,21,2088,0
Chile,2018-05-28,2018-06-03,7,22,2123,0
Chile,2018-06-04,2018-06-10,7,23,2368,0
Chile,2018-06-11,2018-06-17,7,24,2431,0
Chile,2018-06-18,2018-06-24,7,25,2247,0
Chile,2018-06-25,2018-07-01,7,26,2359,0
Chile,2018-07-02,2018-07-08,7,27,2334,0
Chile,2018-07-09,2018-07-15,7,28,2276,0
Chile,2018-07-16,2018-07-22,7,29,2334,0
Chile,2018-07-23,2018-07-29,7,30,2496,0
Chile,2018-07-30,2018-08-05,7,31,2514,0
Chile,2018-08-06,2018-08-12,7,32,2448,0
Chile,2018-08-13,2018-08-19,7,33,2306,0
Chile,2018-08-20,2018-08-26,7,34,2388,0
Chile,2018-08-27,2018-09-02,7,35,2178,0
Chile,2018-09-03,2018-09-09,7,36,2238,0
Chile,2018-09-10,2018-09-16,7,37,2140,0
Chile,2018-09-17,2018-09-23,7,38,2217,0
Chile,2018-09-24,2018-09-30,7,39,2046,0
Chile,2018-10-01,2018-10-07,7,40,2058,0
Chile,2018-10-08,2018-10-14,7,41,1986,0
Chile,2018-10-15,2018-10-21,7,42,2002,0
Chile,2018-10-22,2018-10-28,7,43,2030,0
Chile,2018-10-29,2018-11-04,7,44,1940,0
Chile,2018-11-05,2018-11-11,7,45,1960,0
Chile,2018-11-12,2018-11-18,7,46,1945,0
Chile,2018-11-19,2018-11-25,7,47,1992,0
Chile,2018-11-26,2018-12-02,7,48,1924,0
Chile,2018-12-03,2018-12-09,7,49,1852,0
Chile,2018-12-10,2018-12-16,7,50,1910,0
Chile,2018-12-17,2018-12-23,7,51,1941,0
Chile,2018-12-24,2018-12-30,7,52,1887,0
Chile,2018-12-31,2019-01-06,7,1,2020,0
Chile,2019-01-07,2019-01-13,7,2,1818,0
Chile,2019-01-14,2019-01-20,7,3,1819,0
Chile,2019-01-21,2019-01-27,7,4,1945,0
Chile,2019-01-28,2019-02-03,7,5,1961,0
Chile,2019-02-04,2019-02-10,7,6,2023,0
Chile,2019-02-11,2019-02-17,7,7,1875,0
Chile,2019-02-18,2019-02-24,7,8,1931,0
Chile,2019-02-25,2019-03-03,7,9,1862,0
Chile,2019-03-04,2019-03-10,7,10,1795,0
Chile,2019-03-11,2019-03-17,7,11,1867,0
Chile,2019-03-18,2019-03-24,7,12,1877,0
Chile,2019-03-25,2019-03-31,7,13,1848,0
Chile,2019-04-01,2019-04-07,7,14,1959,0
Chile,2019-04-08,2019-04-14,7,15,1973,0
Chile,2019-04-15,2019-04-21,7,16,1980,0
Chile,2019-04-22,2019-04-28,7,17,2033,0
Chile,2019-04-29,2019-05-05,7,18,2095,0
Chile,2019-05-06,2019-05-12,7,19,2072,0
Chile,2019-05-13,2019-05-19,7,20,2147,0
Chile,2019-05-20,2019-05-26,7,21,2364,0
Chile,2019-05-27,2019-06-02,7,22,2354,0
Chile,2019-06-03,2019-06-09,7,23,2324,0
Chile,2019-06-10,2019-06-16,7,24,2429,0
Chile,2019-06-17,2019-06-23,7,25,2477,0
Chile,2019-06-24,2019-06-30,7,26,2504,0
Chile,2019-07-01,2019-07-07,7,27,2458,0
Chile,2019-07-08,2019-07-14,7,28,2376,0
Chile,2019-07-15,2019-07-21,7,29,2420,0
Chile,2019-07-22,2019-07-28,7,30,2343,0
Chile,2019-07-29,2019-08-04,7,31,2341,0
Chile,2019-08-05,2019-08-11,7,32,2265,0
Chile,2019-08-12,2019-08-18,7,33,2296,0
Chile,2019-08-19,2019-08-25,7,34,2239,0
Chile,2019-08-26,2019-09-01,7,35,2181,0
Chile,2019-09-02,2019-09-08,7,36,2181,0
Chile,2019-09-09,2019-09-15,7,37,2210,0
Chile,2019-09-16,2019-09-22,7,38,2224,0
Chile,2019-09-23,2019-09-29,7,39,2270,0
Chile,2019-09-30,2019-10-06,7,40,2163,0
Chile,2019-10-07,2019-10-13,7,41,2123,0
Chile,2019-10-14,2019-10-20,7,42,2067,0
Chile,2019-10-21,2019-10-27,7,43,2025,0
Chile,2019-10-28,2019-11-03,7,44,2038,0
Chile,2019-11-04,2019-11-10,7,45,2039,0
Chile,2019-11-11,2019-11-17,7,46,2013,0
Chile,2019-11-18,2019-11-24,7,47,2003,0
Chile,2019-11-25,2019-12-01,7,48,1978,0
Chile,2019-12-02,2019-12-08,7,49,1878,0
Chile,2019-12-09,2019-12-15,7,50,1892,0
Chile,2019-12-16,2019-12-22,7,51,1963,0
Chile,2019-12-23,2019-12-29,7,52,2010,0
Chile,2019-12-30,2020-01-05,7,1,2108,0
Chile,2020-01-06,2020-01-12,7,2,2053,0
Chile,2020-01-13,2020-01-19,7,3,2057,0
Chile,2020-01-20,2020-01-26,7,4,1964,0
Chile,2020-01-27,2020-02-02,7,5,1970,0
Chile,2020-02-03,2020-02-09,7,6,1994,0
Chile,2020-02-10,2020-02-16,7,7,1909,0
Chile,2020-02-17,2020-02-23,7,8,1899,0
Chile,2020-02-24,2020-03-01,7,9,1884,0
Chile,2020-03-02,2020-03-08,7,10,1885,0
Chile,2020-03-09,2020-03-15,7,11,1928,0
Chile,2020-03-16,2020-03-22,7,12,2008,1
Chile,2020-03-23,2020-03-29,7,13,2006,6
Chile,2020-03-30,2020-04-05,7,14,2081,27
Chile,2020-04-06,2020-04-12,7,15,2010,46
Chile,2020-04-13,2020-04-19,7,16,2087,53
Chile,2020-04-20,2020-04-26,7,17,2095,56
Chile,2020-04-27,2020-05-03,7,18,2083,71
Chile,2020-05-04,2020-05-10,7,19,2342,52
Chile,2020-05-11,2020-05-17,7,20,2438,138
Chile,2020-05-18,2020-05-24,7,21,2933,268
Chile,2020-05-25,2020-05-31,7,22,3394,336
Chile,2020-06-01,2020-06-07,7,23,3899,583
Chile,2020-06-08,2020-06-14,7,24,3983,1686
Chile,2020-06-15,2020-06-21,7,25,3732,1156
Chile,2020-06-22,2020-06-28,7,26,3519,1030
Chile,2020-06-29,2020-07-05,7,27,3070,799
Chile,2020-07-06,2020-07-12,7,28,2967,671
Chile,2020-07-13,2020-07-19,7,29,2814,1524
Chile,2020-07-20,2020-07-26,7,30,2698,609
Chile,2020-07-27,2020-08-02,7,31,2653,496
Chile,2020-08-03,2020-08-09,7,32,2516,469
Chile,2020-08-10,2020-08-16,7,33,2431,375
Chile,2020-08-17,2020-08-23,7,34,2596,400
Chile,2020-08-24,2020-08-30,7,35,2479,392
Chile,2020-08-31,2020-09-06,7,36,2395,348
Chile,2020-09-07,2020-09-13,7,37,2405,357
Chile,2020-09-14,2020-09-20,7,38,2401,337
Chile,2020-09-21,2020-09-27,7,39,2364,355
Chile,2020-09-28,2020-10-04,7,40,2340,338
Chile,2020-10-05,2020-10-11,7,41,2396,339
Chile,2020-10-12,2020-10-18,7,42,2307,317
Chile,2020-10-19,2020-10-25,7,43,2304,309
Chile,2020-10-26,2020-11-01,7,44,2268,303
Chile,2020-11-02,2020-11-08,7,45,2239,296
Chile,2020-11-09,2020-11-15,7,46,2121,276
Chile,2020-11-16,2020-11-22,7,47,2184,250
Chile,2020-11-23,2020-11-29,7,48,2203,287
Chile,2020-11-30,2020-12-06,7,49,2174,272
Chile,2020-12-07,2020-12-13,7,50,2187,258
Chile,2020-12-14,2020-12-20,7,51,2155,268
Chile,2020-12-21,2020-12-27,7,52,2291,289
Chile,2020-12-28,2021-01-03,7,53,2236,324
Chile,2021-01-04,2021-01-10,7,1,2445,329
Chile,2021-01-11,2021-01-17,7,2,2438,381
Chile,2021-01-18,2021-01-24,7,3,2701,456
Chile,2021-01-25,2021-01-31,7,4,2557,519
Chile,2021-02-01,2021-02-07,7,5,2633,522
Chile,2021-02-08,2021-02-14,7,6,2506,567
Chile,2021-02-15,2021-02-21,7,7,2502,501
Chile,2021-02-22,2021-02-28,7,8,2606,530
Chile,2021-03-01,2021-03-07,7,9,2661,505
Chile,2021-03-08,2021-03-14,7,10,2656,597
Chile,2021-03-15,2021-03-21,7,11,2550,605
Chile,2021-03-22,2021-03-28,7,12,2741,475
Chile,2021-03-29,2021-04-04,7,13,2833,890
Chile,2021-04-05,2021-04-11,7,14,2849,702
Chile,2021-04-12,2021-04-18,7,15,2897,831
Chile,2021-04-19,2021-04-25,7,16,2664,679
Chile,2021-04-26,2021-05-02,7,17,2786,705
Chile,2021-05-03,2021-05-09,7,18,2731,657
Chile,2021-05-10,2021-05-16,7,19,2766,614
Chile,2021-05-17,2021-05-23,7,20,2936,686
Chile,2021-05-24,2021-05-30,7,21,3081,650
Chile,2021-05-31,2021-06-06,7,22,3014,769
Chile,2021-06-07,2021-06-13,7,23,3132,770
Chile,2021-06-14,2021-06-20,7,24,3180,806
Chile,2021-06-21,2021-06-27,7,25,3194,785
Chile,2021-06-28,2021-07-04,7,26,3326,805
Chile,2021-07-05,2021-07-11,7,27,3119,774
Chile,2021-07-12,2021-07-18,7,28,3042,637
Chile,2021-07-19,2021-07-25,7,29,2866,512
Chile,2021-07-26,2021-08-01,7,30,2745,502
Chile,2021-08-02,2021-08-08,7,31,2639,488
Chile,2021-08-09,2021-08-15,7,32,2625,364
Chile,2021-08-16,2021-08-22,7,33,2608,270
Chile,2021-08-23,2021-08-29,7,34,2357,235
Chile,2021-08-30,2021-09-05,7,35,2332,205
Chile,2021-09-06,2021-09-12,7,36,2394,142
Chile,2021-09-13,2021-09-19,7,37,2383,127
Chile,2021-09-20,2021-09-26,7,38,2354,81
Chile,2021-09-27,2021-10-03,7,39,2244,54
Chile,2021-10-04,2021-10-10,7,40,2316,70
Chile,2021-10-11,2021-10-17,7,41,2325,45
Chile,2021-10-18,2021-10-24,7,42,2112,60
Colombia,2014-12-29,2015-01-04,7,1,4746,0
Colombia,2015-01-05,2015-01-11,7,2,4588,0
Colombia,2015-01-12,2015-01-18,7,3,4525,0
Colombia,2015-01-19,2015-01-25,7,4,4280,0
Colombia,2015-01-26,2015-02-01,7,5,4185,0
Colombia,2015-02-02,2015-02-08,7,6,4090,0
Colombia,2015-02-09,2015-02-15,7,7,4070,0
Colombia,2015-02-16,2015-02-22,7,8,4104,0
Colombia,2015-02-23,2015-03-01,7,9,4137,0
Colombia,2015-03-02,2015-03-08,7,10,4109,0
Colombia,2015-03-09,2015-03-15,7,11,4265,0
Colombia,2015-03-16,2015-03-22,7,12,4071,0
Colombia,2015-03-23,2015-03-29,7,13,4192,0
Colombia,2015-03-30,2015-04-05,7,14,4067,0
Colombia,2015-04-06,2015-04-12,7,15,4059,0
Colombia,2015-04-13,2015-04-19,7,16,4063,0
Colombia,2015-04-20,2015-04-26,7,17,4042,0
Colombia,2015-04-27,2015-05-03,7,18,4186,0
Colombia,2015-05-04,2015-05-10,7,19,4241,0
Colombia,2015-05-11,2015-05-17,7,20,4277,0
Colombia,2015-05-18,2015-05-24,7,21,4165,0
Colombia,2015-05-25,2015-05-31,7,22,4024,0
Colombia,2015-06-01,2015-06-07,7,23,4102,0
Colombia,2015-06-08,2015-06-14,7,24,4142,0
Colombia,2015-06-15,2015-06-21,7,25,4284,0
Colombia,2015-06-22,2015-06-28,7,26,4343,0
Colombia,2015-06-29,2015-07-05,7,27,4369,0
Colombia,2015-07-06,2015-07-12,7,28,4334,0
Colombia,2015-07-13,2015-07-19,7,29,4139,0
Colombia,2015-07-20,2015-07-26,7,30,3970,0
Colombia,2015-07-27,2015-08-02,7,31,4069,0
Colombia,2015-08-03,2015-08-09,7,32,4296,0
Colombia,2015-08-10,2015-08-16,7,33,4101,0
Colombia,2015-08-17,2015-08-23,7,34,4000,0
Colombia,2015-08-24,2015-08-30,7,35,4083,0
Colombia,2015-08-31,2015-09-06,7,36,4233,0
Colombia,2015-09-07,2015-09-13,7,37,4135,0
Colombia,2015-09-14,2015-09-20,7,38,4203,0
Colombia,2015-09-21,2015-09-27,7,39,4217,0
Colombia,2015-09-28,2015-10-04,7,40,4232,0
Colombia,2015-10-05,2015-10-11,7,41,4162,0
Colombia,2015-10-12,2015-10-18,7,42,4045,0
Colombia,2015-10-19,2015-10-25,7,43,4027,0
Colombia,2015-10-26,2015-11-01,7,44,4238,0
Colombia,2015-11-02,2015-11-08,7,45,4174,0
Colombia,2015-11-09,2015-11-15,7,46,4363,0
Colombia,2015-11-16,2015-11-22,7,47,4303,0
Colombia,2015-11-23,2015-11-29,7,48,4289,0
Colombia,2015-11-30,2015-12-06,7,49,4368,0
Colombia,2015-12-07,2015-12-13,7,50,4324,0
Colombia,2015-12-14,2015-12-20,7,51,4301,0
Colombia,2015-12-21,2015-12-27,7,52,4553,0
Colombia,2015-12-28,2016-01-03,7,53,4609,0
Colombia,2016-01-04,2016-01-10,7,1,4474,0
Colombia,2016-01-11,2016-01-17,7,2,4435,0
Colombia,2016-01-18,2016-01-24,7,3,4389,0
Colombia,2016-01-25,2016-01-31,7,4,4253,0
Colombia,2016-02-01,2016-02-07,7,5,4183,0
Colombia,2016-02-08,2016-02-14,7,6,4113,0
Colombia,2016-02-15,2016-02-21,7,7,4131,0
Colombia,2016-02-22,2016-02-28,7,8,4100,0
Colombia,2016-02-29,2016-03-06,7,9,4190,0
Colombia,2016-03-07,2016-03-13,7,10,4218,0
Colombia,2016-03-14,2016-03-20,7,11,4228,0
Colombia,2016-03-21,2016-03-27,7,12,4275,0
Colombia,2016-03-28,2016-04-03,7,13,4092,0
Colombia,2016-04-04,2016-04-10,7,14,4112,0
Colombia,2016-04-11,2016-04-17,7,15,4153,0
Colombia,2016-04-18,2016-04-24,7,16,4211,0
Colombia,2016-04-25,2016-05-01,7,17,4110,0
Colombia,2016-05-02,2016-05-08,7,18,4175,0
Colombia,2016-05-09,2016-05-15,7,19,4320,0
Colombia,2016-05-16,2016-05-22,7,20,4632,0
Colombia,2016-05-23,2016-05-29,7,21,4532,0
Colombia,2016-05-30,2016-06-05,7,22,4582,0
Colombia,2016-06-06,2016-06-12,7,23,4561,0
Colombia,2016-06-13,2016-06-19,7,24,4537,0
Colombia,2016-06-20,2016-06-26,7,25,4503,0
Colombia,2016-06-27,2016-07-03,7,26,4530,0
Colombia,2016-07-04,2016-07-10,7,27,4349,0
Colombia,2016-07-11,2016-07-17,7,28,4315,0
Colombia,2016-07-18,2016-07-24,7,29,4088,0
Colombia,2016-07-25,2016-07-31,7,30,4188,0
Colombia,2016-08-01,2016-08-07,7,31,4175,0
Colombia,2016-08-08,2016-08-14,7,32,4291,0
Colombia,2016-08-15,2016-08-21,7,33,4176,0
Colombia,2016-08-22,2016-08-28,7,34,4036,0
Colombia,2016-08-29,2016-09-04,7,35,4123,0
Colombia,2016-09-05,2016-09-11,7,36,4084,0
Colombia,2016-09-12,2016-09-18,7,37,4021,0
Colombia,2016-09-19,2016-09-25,7,38,4186,0
Colombia,2016-09-26,2016-10-02,7,39,4025,0
Colombia,2016-10-03,2016-10-09,7,40,4066,0
Colombia,2016-10-10,2016-10-16,7,41,4171,0
Colombia,2016-10-17,2016-10-23,7,42,4146,0
Colombia,2016-10-24,2016-10-30,7,43,4073,0
Colombia,2016-10-31,2016-11-06,7,44,4039,0
Colombia,2016-11-07,2016-11-13,7,45,4173,0
Colombia,2016-11-14,2016-11-20,7,46,4139,0
Colombia,2016-11-21,2016-11-27,7,47,4263,0
Colombia,2016-11-28,2016-12-04,7,48,4269,0
Colombia,2016-12-05,2016-12-11,7,49,4455,0
Colombia,2016-12-12,2016-12-18,7,50,4590,0
Colombia,2016-12-19,2016-12-25,7,51,4586,0
Colombia,2016-12-26,2017-01-01,7,52,4804,0
Colombia,2017-01-02,2017-01-08,7,1,4755,0
Colombia,2017-01-09,2017-01-15,7,2,4756,0
Colombia,2017-01-16,2017-01-22,7,3,4635,0
Colombia,2017-01-23,2017-01-29,7,4,4574,0
Colombia,2017-01-30,2017-02-05,7,5,4392,0
Colombia,2017-02-06,2017-02-12,7,6,4402,0
Colombia,2017-02-13,2017-02-19,7,7,4231,0
Colombia,2017-02-20,2017-02-26,7,8,4199,0
Colombia,2017-02-27,2017-03-05,7,9,4173,0
Colombia,2017-03-06,2017-03-12,7,10,4244,0
Colombia,2017-03-13,2017-03-19,7,11,4156,0
Colombia,2017-03-20,2017-03-26,7,12,4165,0
Colombia,2017-03-27,2017-04-02,7,13,4539,0
Colombia,2017-04-03,2017-04-09,7,14,4355,0
Colombia,2017-04-10,2017-04-16,7,15,4183,0
Colombia,2017-04-17,2017-04-23,7,16,4271,0
Colombia,2017-04-24,2017-04-30,7,17,4302,0
Colombia,2017-05-01,2017-05-07,7,18,4080,0
Colombia,2017-05-08,2017-05-14,7,19,4196,0
Colombia,2017-05-15,2017-05-21,7,20,4516,0
Colombia,2017-05-22,2017-05-28,7,21,4370,0
Colombia,2017-05-29,2017-06-04,7,22,4500,0
Colombia,2017-06-05,2017-06-11,7,23,4342,0
Colombia,2017-06-12,2017-06-18,7,24,4339,0
Colombia,2017-06-19,2017-06-25,7,25,4171,0
Colombia,2017-06-26,2017-07-02,7,26,4412,0
Colombia,2017-07-03,2017-07-09,7,27,4418,0
Colombia,2017-07-10,2017-07-16,7,28,4400,0
Colombia,2017-07-17,2017-07-23,7,29,4339,0
Colombia,2017-07-24,2017-07-30,7,30,4263,0
Colombia,2017-07-31,2017-08-06,7,31,4390,0
Colombia,2017-08-07,2017-08-13,7,32,4278,0
Colombia,2017-08-14,2017-08-20,7,33,4389,0
Colombia,2017-08-21,2017-08-27,7,34,4234,0
Colombia,2017-08-28,2017-09-03,7,35,4253,0
Colombia,2017-09-04,2017-09-10,7,36,4256,0
Colombia,2017-09-11,2017-09-17,7,37,4373,0
Colombia,2017-09-18,2017-09-24,7,38,4387,0
Colombia,2017-09-25,2017-10-01,7,39,4290,0
Colombia,2017-10-02,2017-10-08,7,40,4317,0
Colombia,2017-10-09,2017-10-15,7,41,4402,0
Colombia,2017-10-16,2017-10-22,7,42,4454,0
Colombia,2017-10-23,2017-10-29,7,43,4177,0
Colombia,2017-10-30,2017-11-05,7,44,4310,0
Colombia,2017-11-06,2017-11-12,7,45,4440,0
Colombia,2017-11-13,2017-11-19,7,46,4239,0
Colombia,2017-11-20,2017-11-26,7,47,4306,0
Colombia,2017-11-27,2017-12-03,7,48,4409,0
Colombia,2017-12-04,2017-12-10,7,49,4575,0
Colombia,2017-12-11,2017-12-17,7,50,4491,0
Colombia,2017-12-18,2017-12-24,7,51,4562,0
Colombia,2017-12-25,2017-12-31,7,52,4589,0
Colombia,2018-01-01,2018-01-07,7,1,4721,0
Colombia,2018-01-08,2018-01-14,7,2,4465,0
Colombia,2018-01-15,2018-01-21,7,3,4631,0
Colombia,2018-01-22,2018-01-28,7,4,4644,0
Colombia,2018-01-29,2018-02-04,7,5,4485,0
Colombia,2018-02-05,2018-02-11,7,6,4407,0
Colombia,2018-02-12,2018-02-18,7,7,4332,0
Colombia,2018-02-19,2018-02-25,7,8,4254,0
Colombia,2018-02-26,2018-03-04,7,9,4378,0
Colombia,2018-03-05,2018-03-11,7,10,4505,0
Colombia,2018-03-12,2018-03-18,7,11,4597,0
Colombia,2018-03-19,2018-03-25,7,12,4453,0
Colombia,2018-03-26,2018-04-01,7,13,4248,0
Colombia,2018-04-02,2018-04-08,7,14,4382,0
Colombia,2018-04-09,2018-04-15,7,15,4332,0
Colombia,2018-04-16,2018-04-22,7,16,4349,0
Colombia,2018-04-23,2018-04-29,7,17,4409,0
Colombia,2018-04-30,2018-05-06,7,18,4538,0
Colombia,2018-05-07,2018-05-13,7,19,4460,0
Colombia,2018-05-14,2018-05-20,7,20,4721,0
Colombia,2018-05-21,2018-05-27,7,21,4654,0
Colombia,2018-05-28,2018-06-03,7,22,4749,0
Colombia,2018-06-04,2018-06-10,7,23,4848,0
Colombia,2018-06-11,2018-06-17,7,24,4803,0
Colombia,2018-06-18,2018-06-24,7,25,4851,0
Colombia,2018-06-25,2018-07-01,7,26,4868,0
Colombia,2018-07-02,2018-07-08,7,27,4845,0
Colombia,2018-07-09,2018-07-15,7,28,4782,0
Colombia,2018-07-16,2018-07-22,7,29,4740,0
Colombia,2018-07-23,2018-07-29,7,30,4518,0
Colombia,2018-07-30,2018-08-05,7,31,4459,0
Colombia,2018-08-06,2018-08-12,7,32,4607,0
Colombia,2018-08-13,2018-08-19,7,33,4637,0
Colombia,2018-08-20,2018-08-26,7,34,4498,0
Colombia,2018-08-27,2018-09-02,7,35,4462,0
Colombia,2018-09-03,2018-09-09,7,36,4452,0
Colombia,2018-09-10,2018-09-16,7,37,4415,0
Colombia,2018-09-17,2018-09-23,7,38,4437,0
Colombia,2018-09-24,2018-09-30,7,39,4324,0
Colombia,2018-10-01,2018-10-07,7,40,4293,0
Colombia,2018-10-08,2018-10-14,7,41,4363,0
Colombia,2018-10-15,2018-10-21,7,42,4345,0
Colombia,2018-10-22,2018-10-28,7,43,4287,0
Colombia,2018-10-29,2018-11-04,7,44,4421,0
Colombia,2018-11-05,2018-11-11,7,45,4366,0
Colombia,2018-11-12,2018-11-18,7,46,4519,0
Colombia,2018-11-19,2018-11-25,7,47,4448,0
Colombia,2018-11-26,2018-12-02,7,48,4636,0
Colombia,2018-12-03,2018-12-09,7,49,4756,0
Colombia,2018-12-10,2018-12-16,7,50,4763,0
Colombia,2018-12-17,2018-12-23,7,51,4787,0
Colombia,2018-12-24,2018-12-30,7,52,4984,0
Colombia,2018-12-31,2019-01-06,7,1,5348,0
Colombia,2019-01-07,2019-01-13,7,2,4713,0
Colombia,2019-01-14,2019-01-20,7,3,4842,0
Colombia,2019-01-21,2019-01-27,7,4,4606,0
Colombia,2019-01-28,2019-02-03,7,5,4562,0
Colombia,2019-02-04,2019-02-10,7,6,4497,0
Colombia,2019-02-11,2019-02-17,7,7,4484,0
Colombia,2019-02-18,2019-02-24,7,8,4494,0
Colombia,2019-02-25,2019-03-03,7,9,4474,0
Colombia,2019-03-04,2019-03-10,7,10,4440,0
Colombia,2019-03-11,2019-03-17,7,11,4493,0
Colombia,2019-03-18,2019-03-24,7,12,4520,0
Colombia,2019-03-25,2019-03-31,7,13,4511,0
Colombia,2019-04-01,2019-04-07,7,14,4474,0
Colombia,2019-04-08,2019-04-14,7,15,4548,0
Colombia,2019-04-15,2019-04-21,7,16,4420,0
Colombia,2019-04-22,2019-04-28,7,17,4452,0
Colombia,2019-04-29,2019-05-05,7,18,4677,0
Colombia,2019-05-06,2019-05-12,7,19,4624,0
Colombia,2019-05-13,2019-05-19,7,20,4448,0
Colombia,2019-05-20,2019-05-26,7,21,4670,0
Colombia,2019-05-27,2019-06-02,7,22,4570,0
Colombia,2019-06-03,2019-06-09,7,23,4860,0
Colombia,2019-06-10,2019-06-16,7,24,4753,0
Colombia,2019-06-17,2019-06-23,7,25,4964,0
Colombia,2019-06-24,2019-06-30,7,26,4807,0
Colombia,2019-07-01,2019-07-07,7,27,4854,0
Colombia,2019-07-08,2019-07-14,7,28,4887,0
Colombia,2019-07-15,2019-07-21,7,29,4918,0
Colombia,2019-07-22,2019-07-28,7,30,4672,0
Colombia,2019-07-29,2019-08-04,7,31,4726,0
Colombia,2019-08-05,2019-08-11,7,32,4742,0
Colombia,2019-08-12,2019-08-18,7,33,4693,0
Colombia,2019-08-19,2019-08-25,7,34,4912,0
Colombia,2019-08-26,2019-09-01,7,35,4842,0
Colombia,2019-09-02,2019-09-08,7,36,4717,0
Colombia,2019-09-09,2019-09-15,7,37,4609,0
Colombia,2019-09-16,2019-09-22,7,38,4648,0
Colombia,2019-09-23,2019-09-29,7,39,4432,0
Colombia,2019-09-30,2019-10-06,7,40,4628,0
Colombia,2019-10-07,2019-10-13,7,41,4577,0
Colombia,2019-10-14,2019-10-20,7,42,4617,0
Colombia,2019-10-21,2019-10-27,7,43,4633,0
Colombia,2019-10-28,2019-11-03,7,44,4778,0
Colombia,2019-11-04,2019-11-10,7,45,4746,0
Colombia,2019-11-11,2019-11-17,7,46,4697,0
Colombia,2019-11-18,2019-11-24,7,47,4790,0
Colombia,2019-11-25,2019-12-01,7,48,4755,0
Colombia,2019-12-02,2019-12-08,7,49,4803,0
Colombia,2019-12-09,2019-12-15,7,50,4818,0
Colombia,2019-12-16,2019-12-22,7,51,4862,0
Colombia,2019-12-23,2019-12-29,7,52,5041,0
Colombia,2019-12-30,2020-01-05,7,1,5076,0
Colombia,2020-01-06,2020-01-12,7,2,5007,0
Colombia,2020-01-13,2020-01-19,7,3,4897,0
Colombia,2020-01-20,2020-01-26,7,4,4760,0
Colombia,2020-01-27,2020-02-02,7,5,4631,0
Colombia,2020-02-03,2020-02-09,7,6,4742,0
Colombia,2020-02-10,2020-02-16,7,7,4699,0
Colombia,2020-02-17,2020-02-23,7,8,4693,0
Colombia,2020-02-24,2020-03-01,7,9,4520,0
Colombia,2020-03-02,2020-03-08,7,10,4534,0
Colombia,2020-03-09,2020-03-15,7,11,4457,0
Colombia,2020-03-16,2020-03-22,7,12,4499,2
Colombia,2020-03-23,2020-03-29,7,13,4337,8
Colombia,2020-03-30,2020-04-05,7,14,4190,25
Colombia,2020-04-06,2020-04-12,7,15,4255,74
Colombia,2020-04-13,2020-04-19,7,16,4355,70
Colombia,2020-04-20,2020-04-26,7,17,4328,65
Colombia,2020-04-27,2020-05-03,7,18,4263,96
Colombia,2020-05-04,2020-05-10,7,19,4469,123
Colombia,2020-05-11,2020-05-17,7,20,4579,111
Colombia,2020-05-18,2020-05-24,7,21,4701,153
Colombia,2020-05-25,2020-05-31,7,22,4738,212
Colombia,2020-06-01,2020-06-07,7,23,5153,320
Colombia,2020-06-08,2020-06-14,7,24,5338,408
Colombia,2020-06-15,2020-06-21,7,25,5778,570
Colombia,2020-06-22,2020-06-28,7,26,6128,941
Colombia,2020-06-29,2020-07-05,7,27,6233,886
Colombia,2020-07-06,2020-07-12,7,28,6739,1243
Colombia,2020-07-13,2020-07-19,7,29,7313,1429
Colombia,2020-07-20,2020-07-26,7,30,7702,1789
Colombia,2020-07-27,2020-08-02,7,31,8070,2125
Colombia,2020-08-03,2020-08-09,7,32,7888,2192
Colombia,2020-08-10,2020-08-16,7,33,7648,2255
Colombia,2020-08-17,2020-08-23,7,34,7152,2219
Colombia,2020-08-24,2020-08-30,7,35,6798,2047
Colombia,2020-08-31,2020-09-06,7,36,6570,2049
Colombia,2020-09-07,2020-09-13,7,37,6383,1512
Colombia,2020-09-14,2020-09-20,7,38,6240,1284
Colombia,2020-09-21,2020-09-27,7,39,6161,1280
Colombia,2020-09-28,2020-10-04,7,40,6019,1224
Colombia,2020-10-05,2020-10-11,7,41,6173,1122
Colombia,2020-10-12,2020-10-18,7,42,6190,1136
Colombia,2020-10-19,2020-10-25,7,43,6303,1184
Colombia,2020-10-26,2020-11-01,7,44,6080,1361
Colombia,2020-11-02,2020-11-08,7,45,6252,1276
Colombia,2020-11-09,2020-11-15,7,46,6119,1240
Colombia,2020-11-16,2020-11-22,7,47,6242,1256
Colombia,2020-11-23,2020-11-29,7,48,6266,1297
Colombia,2020-11-30,2020-12-06,7,49,6206,1224
Colombia,2020-12-07,2020-12-13,7,50,6640,1245
Colombia,2020-12-14,2020-12-20,7,51,6687,1422
Colombia,2020-12-21,2020-12-27,7,52,7203,1696
Colombia,2020-12-28,2021-01-03,7,53,7814,1794
Colombia,2021-01-04,2021-01-10,7,1,7964,2149
Colombia,2021-01-11,2021-01-17,7,2,8440,2517
Colombia,2021-01-18,2021-01-24,7,3,8479,2743
Colombia,2021-01-25,2021-01-31,7,4,7676,2609
Colombia,2021-02-01,2021-02-07,7,5,7029,2010
Colombia,2021-02-08,2021-02-14,7,6,6341,1612
Colombia,2021-02-15,2021-02-21,7,7,5915,1229
Colombia,2021-02-22,2021-02-28,7,8,5564,932
Colombia,2021-03-01,2021-03-07,7,9,5562,737
Colombia,2021-03-08,2021-03-14,7,10,5315,640
Colombia,2021-03-15,2021-03-21,7,11,5569,885
Colombia,2021-03-22,2021-03-28,7,12,5958,927
Colombia,2021-03-29,2021-04-04,7,13,6473,1139
Colombia,2021-04-05,2021-04-11,7,14,7210,1795
Colombia,2021-04-12,2021-04-18,7,15,8440,2439
Colombia,2021-04-19,2021-04-25,7,16,8775,3023
Colombia,2021-04-26,2021-05-02,7,17,8789,3126
Colombia,2021-05-03,2021-05-09,7,18,8882,3377
Colombia,2021-05-10,2021-05-16,7,19,8988,3446
Colombia,2021-05-17,2021-05-23,7,20,9058,3424
Colombia,2021-05-24,2021-05-30,7,21,9296,3558
Colombia,2021-05-31,2021-06-06,7,22,9767,3679
Colombia,2021-06-07,2021-06-13,7,23,10081,3817
Colombia,2021-06-14,2021-06-20,7,24,10451,4156
Colombia,2021-06-21,2021-06-27,7,25,10456,4744
Colombia,2021-06-28,2021-07-04,7,26,10240,4218
Colombia,2021-07-05,2021-07-11,7,27,9485,3930
Brazil,2015-01-01,2015-01-31,31,1,106695,0
Brazil,2015-02-01,2015-02-28,28,2,90612,0
Brazil,2015-03-01,2015-03-31,31,3,102473,0
Brazil,2015-04-01,2015-04-30,30,4,105114,0
Brazil,2015-05-01,2015-05-31,31,5,114042,0
Brazil,2015-06-01,2015-06-30,30,6,109240,0
Brazil,2015-07-01,2015-07-31,31,7,112975,0
Brazil,2015-08-01,2015-08-31,31,8,107510,0
Brazil,2015-09-01,2015-09-30,30,9,103152,0
Brazil,2015-10-01,2015-10-31,31,10,104756,0
Brazil,2015-11-01,2015-11-30,30,11,100873,0
Brazil,2015-12-01,2015-12-31,31,12,106733,0
Brazil,2016-01-01,2016-01-31,31,1,106199,0
Brazil,2016-02-01,2016-02-29,29,2,102818,0
Brazil,2016-03-01,2016-03-31,31,3,111631,0
Brazil,2016-04-01,2016-04-30,30,4,112127,0
Brazil,2016-05-01,2016-05-31,31,5,115315,0
Brazil,2016-06-01,2016-06-30,30,6,117216,0
Brazil,2016-07-01,2016-07-31,31,7,118151,0
Brazil,2016-08-01,2016-08-31,31,8,111120,0
Brazil,2016-09-01,2016-09-30,30,9,102873,0
Brazil,2016-10-01,2016-10-31,31,10,107472,0
Brazil,2016-11-01,2016-11-30,30,11,99625,0
Brazil,2016-12-01,2016-12-31,31,12,105227,0
Brazil,2017-01-01,2017-01-31,31,1,105899,0
Brazil,2017-02-01,2017-02-28,28,2,97082,0
Brazil,2017-03-01,2017-03-31,31,3,108850,0
Brazil,2017-04-01,2017-04-30,30,4,107063,0
Brazil,2017-05-01,2017-05-31,31,5,114774,0
Brazil,2017-06-01,2017-06-30,30,6,114324,0
Brazil,2017-07-01,2017-07-31,31,7,122610,0
Brazil,2017-08-01,2017-08-31,31,8,114698,0
Brazil,2017-09-01,2017-09-30,30,9,107336,0
Brazil,2017-10-01,2017-10-31,31,10,109666,0
Brazil,2017-11-01,2017-11-30,30,11,102390,0
Brazil,2017-12-01,2017-12-31,31,12,107971,0
Brazil,2018-01-01,2018-01-31,31,1,106838,0
Brazil,2018-02-01,2018-02-28,28,2,94994,0
Brazil,2018-03-01,2018-03-31,31,3,109390,0
Brazil,2018-04-01,2018-04-30,30,4,107849,0
Brazil,2018-05-01,2018-05-31,31,5,115068,0
Brazil,2018-06-01,2018-06-30,30,6,116967,0
Brazil,2018-07-01,2018-07-31,31,7,119675,0
Brazil,2018-08-01,2018-08-31,31,8,115169,0
Brazil,2018-09-01,2018-09-30,30,9,108897,0
Brazil,2018-10-01,2018-10-31,31,10,107666,0
Brazil,2018-11-01,2018-11-30,30,11,103328,0
Brazil,2018-12-01,2018-12-31,31,12,110878,0
Brazil,2019-01-01,2019-01-31,31,1,110373,0
Brazil,2019-02-01,2019-02-28,28,2,97737,0
Brazil,2019-03-01,2019-03-31,31,3,109549,0
Brazil,2019-04-01,2019-04-30,30,4,110370,0
Brazil,2019-05-01,2019-05-31,31,5,118737,0
Brazil,2019-06-01,2019-06-30,30,6,118911,0
Brazil,2019-07-01,2019-07-31,31,7,124885,0
Brazil,2019-08-01,2019-08-31,31,8,118568,0
Brazil,2019-09-01,2019-09-30,30,9,112312,0
Brazil,2019-10-01,2019-10-31,31,10,111532,0
Brazil,2019-11-01,2019-11-30,30,11,105635,0
Brazil,2019-12-01,2019-12-31,31,12,111193,0
Brazil,2020-01-01,2020-01-31,31,1,113395,0
Brazil,2020-02-01,2020-02-29,29,2,106414,0
Brazil,2020-03-01,2020-03-31,31,3,120185,201
Brazil,2020-04-01,2020-04-30,30,4,125923,5805
Brazil,2020-05-01,2020-05-31,31,5,156908,23308
Brazil,2020-06-01,2020-06-30,30,6,142885,30280
Brazil,2020-07-01,2020-07-31,31,7,147571,32881
Brazil,2020-08-01,2020-08-31,31,8,143383,28906
Brazil,2020-09-01,2020-09-30,30,9,128972,22571
Brazil,2020-10-01,2020-10-31,31,10,130493,15932
Brazil,2020-11-01,2020-11-30,30,11,124326,13236
Brazil,2020-12-01,2020-12-31,31,12,141190,21829
Brazil,2021-01-01,2021-01-31,31,1,147526,29555
Brazil,2021-02-01,2021-02-28,28,2,135290,30438
Brazil,2021-03-01,2021-03-31,31,3,205125,66573
Brazil,2021-04-01,2021-04-30,30,4,204893,82266
Brazil,2021-05-01,2021-05-31,31,5,178877,59010
Brazil,2021-06-01,2021-06-30,30,6,178844,55275
Brazil,2021-07-01,2021-07-31,31,7,162439,38304
Brazil,2021-08-01,2021-08-31,31,8,149206,24043
Brazil,2021-09-01,2021-09-30,30,9,129743,16336